pH,turbidity_ntu,tds_mg_l,temperature_c,dissolved_oxygen_mg_l,conductivity_us_cm,tds_conductivity_ratio,oxygen_temp_ratio
7.306650977914051,3.3251828607782112,315.5538015480551,23.01796779546648,6.593244118131842,575.3076787025245,0.5484957236442852,0.2864390191487895
6.836005562815827,2.692903304077096,265.3034797719754,22.813888071246872,6.400710059991607,544.891359867503,0.48689243271628896,0.28056199977848767
7.46265791853226,1.3021549682328142,288.9145200623106,29.63801355106194,7.390608841105096,620.866835595484,0.46534055855183143,0.24936248943850992
7.529197650736925,4.577248356800679,367.54327833003066,26.15601480965807,7.226668973765505,568.4453439248422,0.6465762843483259,0.2762909038840683
6.517137683971157,0.47414063066371853,320.2244968399967,24.25893169109462,5.735687607150705,641.7725187451136,0.4989688518700456,0.23643611681615223
6.744237172598189,1.4094699142058837,760.1346461832759,26.74551804374403,8.010410429107365,611.9423676646985,1.2421670509334244,0.2995047774361977
7.2447441411085505,5.349341238915527,370.25594316516424,17.62482678434609,6.91522488218425,672.1700452736959,0.5508367202147524,0.3923570408264195
7.089315092679747,2.1890870550213686,291.8868902826793,24.849032436256824,6.000162014305851,555.8796083906254,0.5250901200131194,0.24146461354974574
7.1941195948734995,1.3993098295577495,376.7186122722355,31.991299622316667,8.069905702918486,610.5259401493954,0.6170394859554249,0.25225313751520856
6.901434625349247,2.2190357599764083,348.41319525937956,25.463212772409353,7.563108014436539,489.28729269142144,0.7120830654376162,0.297020964402086
7.50778929120199,0.8916829971337012,227.38901848163908,25.237696092092673,5.861912207246878,459.85391884409944,0.4944809844248146,0.23226811931868446
7.472227177400132,1.5745840650025904,428.17285933896835,26.918449328747688,8.599464556231952,690.6767640418973,0.6199323353999424,0.31946359358256615
7.2231107441464255,1.882407471878206,282.44414421823126,28.13461835160021,7.592917631529573,541.6204676322689,0.5214798204598051,0.26987811018583485
7.594534422438811,1.7315922684179945,195.86784926111122,18.00886657488549,6.990823495937459,600.4880565862379,0.3261810907191325,0.3881878666193577
7.363628269788216,2.5693409328638372,241.62172178102733,19.111857313731406,8.431196925059602,532.3740014411391,0.45385710257630185,0.44115005604410784
6.899247637990867,2.101974238578895,243.42161294912586,25.736019518801513,7.143368005446677,461.3484349080036,0.5276307331521911,0.2775630473946475
7.329062774428875,2.4315608422137878,323.912998899315,22.497932033358715,6.974725232406371,521.0982892582401,0.6215967420664353,0.31001628158822003
6.864391089709851,1.3205114687814359,299.46121208403224,29.592088417769702,6.40572989558021,663.5994017767714,0.45126805612276333,0.21646765193272552
7.507457605457546,2.6960927591925365,294.73760242695556,23.896889635401717,7.523665395376371,575.5240074279424,0.5121204304650275,0.31483868863965214
7.182525931154812,3.7464483754989684,366.4776474111859,18.22914242500409,7.4289426705915815,348.8526840269541,1.0505226538055532,0.4075311113045909
7.135298172759159,1.163251825508691,345.4906520894528,20.56195129104601,7.01321212590074,498.47555434238456,0.693094473901017,0.3410771685348142
6.9616746594586205,1.2072241338098963,343.70359029832144,15.376133931292987,6.289012281519158,698.2293792704712,0.4922502554353015,0.40901128395610375
7.627889468535911,3.2834333114700827,350.7371342996519,24.180560619509805,7.116936868749466,498.6203138150044,0.703415253213652,0.294324725581724
7.1459146812759196,1.6514965401782322,366.2101001001679,24.34065555457466,6.937181092814076,339.95213082658194,1.0772401961703861,0.2850038725234859
7.050085262242913,3.3855158624199495,161.9034993666918,23.514380515763357,5.799873113139219,709.3048885422544,0.22825656777783077,0.24665217564422556
7.07675325732912,1.474981717132619,292.6671310801654,28.776076636604085,5.675368883808233,588.2392509812793,0.49753077611184354,0.19722524913590836
7.386308214943672,3.4644613784495935,156.48424516328944,29.194819427808426,7.508638040928792,512.9987141187199,0.30503827954444995,0.257190768365456
7.327905422527428,1.9097174180813936,322.70449450983466,24.40364051825361,4.65830051645348,482.85822639179315,0.6683214179061969,0.19088547518019414
7.344456414058596,2.0218028945312727,319.6525270831741,17.528572163831004,7.184869474265134,628.2351929791736,0.5088102841984066,0.40989473683946803
7.350787351052759,3.639730988478972,398.414920609226,27.160485531722905,6.569725248021558,465.8016599773807,0.8553316890896717,0.24188541255450866
7.949576660304661,1.529575047436815,409.07257945408406,26.943760799780016,8.177421946191918,634.8256424515988,0.6443857212104867,0.303499649026675
7.0577547442653845,1.178546290434957,335.20812861892756,26.082870495549308,6.5558786117615115,574.2195285724256,0.5837630243128316,0.25134804901478097
7.0207150448249624,1.4709857750134372,282.4729191952325,28.435179122578404,7.593535792826707,544.468192548735,0.5188051810206499,0.2670472290711616
6.915179545113243,11.031721055375876,356.3870834409303,20.923101662386358,6.642777542885987,534.5514805335596,0.66670301443222,0.31748531599537017
7.415592797901423,0.8897587525251193,280.4061772006765,32.03064385164799,7.102373338137529,502.5031963285822,0.5580186937105998,0.2217368271157031
7.595140302452312,2.3980324079655313,319.89555114174885,21.642002864003462,7.663152877828046,624.5640120209266,0.5121901758422649,0.3540870466556473
7.160118389820794,1.4124694732890157,393.9602237720576,27.62228024520299,6.583699855307878,433.4657167898166,0.9088613205438001,0.23834744260301366
6.9059452330631155,3.017118878342846,278.1671490507932,19.09428306955327,7.896899396048564,357.80748731697906,0.7774212639780983,0.41357401936920796
6.911431574508066,0.6128528184373633,380.4258979431876,21.744073594554823,6.1056719106041655,581.4440122892474,0.6542777806677961,0.2807970587504429
7.427707475738646,1.2634323012841362,370.80510265192265,30.307290263538675,7.265133558302542,583.1238328067147,0.6358942677186573,0.23971570850208584
7.460138959921205,0.8427170674185758,248.3906137151884,24.086850619497024,7.830375750509067,568.0241152511767,0.43728885278990604,0.32508923122439237
7.390103993906818,1.241081783125171,393.0420596163051,27.93972911796479,7.594033742611302,560.7728369618039,0.7008935413950452,0.27180055005359594
5.5,2.01221543267805,372.3924759028629,25.829343860517362,8.724800389061869,487.94596216624524,0.7631838457062325,0.3377863733657813
7.281256463073352,1.6605264380522833,327.64444155294933,24.632646453999396,6.312904614420406,598.7482704385525,0.5472156793254143,0.2562820290629159
7.240840033199255,1.6060323505474365,262.82574064792607,29.773476137264414,5.758765673786271,515.444187324546,0.5099014541460715,0.19341932555126182
7.276541008855155,1.6755701120705095,255.55954860683227,24.17169411371835,6.105098402354392,471.2886439184822,0.542256962701261,0.25257221829931725
7.505000072281867,1.9725189349925971,279.6753067322733,18.767416623527854,2.203928709633281,488.81086877446,0.5721544355866544,0.11743378184881963
7.278258442071139,1.1433304447258748,360.694584746897,22.18865967816903,7.44813064084244,722.0639698775832,0.49953272811555494,0.33567285040522316
7.437619747075163,2.4740809737033436,248.32811244489517,26.92917105045593,7.092030993682674,346.50239179545673,0.7166707022082703,0.26335868194363155
7.223652674321112,2.4253754849932827,352.8134186464902,26.38428187226878,5.989338655803583,569.9788104295799,0.6189939208101137,0.22700404296766866
7.301191789541495,2.140530588486912,226.86833533412056,19.51529612417597,7.6901805639961545,352.0889572376283,0.6443494766608227,0.39405912752045785
7.420950879043489,2.3122630357807203,304.6948561670863,22.464801182071298,5.897765700114514,509.1766661677027,0.5984069506962282,0.26253362548436
6.689995463050517,2.056848105610738,328.22358159305065,22.963975277792137,8.04305462413921,476.6372514845812,0.6886234354757905,0.35024661570322446
7.088115074274945,4.4977157245612425,503.38476087941876,23.720856420600214,9.571694580825879,311.4971703320122,1.6160171225404114,0.4035138702881489
7.0353695709975215,1.7308182748519476,216.70132583597245,20.18430243989457,7.329806031914395,558.9037590433763,0.3877256546044349,0.3631438863810783
6.976392753114831,1.5676837580211127,430.40109248676004,22.800701121581824,7.524797322091969,481.9961937807804,0.892955376080238,0.3300248216915326
7.1037002120706605,1.282356311207598,728.7239983079012,22.449863301591655,6.556426207993996,310.0793657438756,2.350120900691678,0.29204748910560885
7.723229458932039,1.1311880624889379,350.83789385119724,27.70036640916672,5.3708080110218654,603.9568090774252,0.5808989791623014,0.1938894212332345
6.896959109507365,1.0281636638919884,328.8760935041153,27.831924588465853,6.4575525732728,663.5006177988935,0.4956681044173457,0.23201962022953124
7.538897424107018,1.2066258057380657,353.35451136464246,24.489663396689146,6.016394283011126,669.0124342296572,0.5281733093219964,0.245670762621609
6.610995579934468,1.7436497835883578,308.47361717284866,23.62786071445244,5.697695881226486,555.8956440651472,0.5549128158606288,0.2411431127889365
7.082790239504979,2.092206964523954,429.0537636093094,25.489735092136897,8.550123947796084,524.6058138577115,0.8178593379555671,0.3354340057631135
7.256963572786752,1.8419054220231408,285.76466418314584,22.141987123905487,7.245576266223195,652.8156620895797,0.4377417405526846,0.3272324306611372
7.4051778159757475,1.275445832526194,404.91759291344357,20.986087712413955,7.341718822552585,688.2383585340099,0.5883391820472532,0.34983742197025697
7.4489293029275,2.698968650420527,271.6724659840233,21.709225768759993,6.721879871323376,633.3568702875625,0.42894058425651255,0.3096324089547355
7.477671532319974,2.5106015039391636,315.4811115199035,22.7781539260999,6.844416025800907,425.8462397770199,0.7408333855080994,0.3004815951286714
7.077946224713047,1.6752207146931857,239.60280857823358,20.92784170072705,7.8680956140154,540.1344853214922,0.44359842796488014,0.375963069987387
7.038176872567401,1.341749554174383,354.126779026064,25.56720845672006,6.970896593174306,563.9516144291429,0.6279382308081998,0.27264989077609225
7.500291558440004,2.3038444540128915,428.38444676949007,27.55400485824298,7.47762454422226,339.0383031082771,1.2635281702453511,0.27138067887744
7.133043486291435,1.9588837178155492,314.19828651343596,19.445155947206153,6.823596131939485,566.9360659620775,0.5542040899801439,0.3509149605416195
6.753509786831728,0.9381263835100183,305.2335725972068,25.087950489256116,6.692062398341157,747.2991825979389,0.40844895820182936,0.26674408502229086
6.803349475098782,1.7457697043305753,236.4037277699055,24.230224716567825,5.733777250958324,583.9936165800791,0.4048053284457246,0.23663739474268092
6.878191699899436,2.025269504481004,302.8030509835769,26.19528039937881,5.220025843869585,667.3413081441756,0.4537454032714514,0.1992735242487945
7.374006260418818,1.2007231628407788,200.54043052088542,24.954714311637442,6.764594289040239,538.2914730128705,0.3725498927160054,0.2710748039253497
7.249849007624698,1.9605326404964678,251.53415099608796,19.91240252023929,7.050847022793909,512.6781676016178,0.4906277795537908,0.354093234888523
7.441669873923719,0.9353042014497522,337.00895345818515,20.58163745399992,5.842482966962088,558.1271390080975,0.603821118709828,0.2838687145286701
7.050461573782213,3.2840269890652904,418.9259898306047,25.102982514547403,6.96897262146883,438.41733520155674,0.9555415723650819,0.27761532389349547
7.25548889187685,3.156185436843799,530.6908145922127,28.600733219109284,7.048377306691452,423.62248127656113,1.2527446914361287,0.24644044097380524
7.418956637888568,1.6066541749965872,276.00611861968247,17.250344201349492,5.059592794546559,646.6304557169366,0.4268374868202999,0.29330387472214886
7.091728711097916,2.119841065838916,427.64751174840796,26.21004302930553,6.176387806468449,657.2342342866518,0.6506774745423411,0.23564966297699744
7.359871333145094,0.6085487713106428,338.2814360301236,29.163677018506753,7.366537504361922,420.889368441265,0.8037300568625094,0.252592891482348
6.968325920626672,1.069755607075013,308.6564264940218,24.464409433278256,7.348352856456169,616.7998804553864,0.5004158338457186,0.30036910870451705
7.072931153702225,1.5770975291945122,352.4445838794614,26.925708736092542,5.961692575240216,511.3040024393979,0.6893053490642971,0.22141265188867137
7.066391737100585,1.1110736557448835,324.64373627599696,22.539258216857693,7.142603245449761,553.980857449043,0.5860197729049849,0.3168961097445356
6.781456124043836,2.482497430983039,328.2796794209164,24.582218302530933,7.920166502824425,566.0218639435063,0.5799770297454118,0.3221908781929978
7.370440368274954,4.421902811271952,289.3750127879998,19.32680268592147,7.699365663091808,619.4350468124319,0.4671595743203469,0.3983776203551961
7.035709180929047,1.0600436019137882,215.14177551508618,16.794798420533944,6.9142427916874585,528.2718201863189,0.40725582416871436,0.4116895373530562
7.20437294155469,1.234823608882935,204.22810981084388,28.299680304288465,6.578821318008137,661.0161995301936,0.30896082419159415,0.232469810516241
7.368261330617068,2.0011828498088495,368.993366246092,21.552517752964455,6.433589964098946,550.9412839759925,0.6697508009985526,0.2985075821693284
7.35628591161048,3.716524404639926,299.2474932435715,23.405652542487992,7.421037804618692,582.4184272469532,0.5138015544221209,0.31706177775421446
7.432884788140475,1.0384385848483164,275.2933325257875,20.147452113554323,7.175593575828599,436.67374084627534,0.6304325329759193,0.3561538965515731
7.165530080421702,2.0134565463821548,320.63792200423654,20.065106039206434,7.566463605491981,735.8659010704835,0.43572874016556024,0.37709562016305354
7.051845590784547,4.085201883466416,379.6199189686721,24.39156804966884,7.118686431809037,566.9824923204966,0.6695443406285735,0.29185029914080024
7.172098626182761,0.8559828382809759,333.52729572697984,22.446479820525237,7.7368875553126975,591.29974253451,0.5640579079188661,0.34468155439847753
6.60943294811469,1.011369670751104,270.79587975192743,26.322898492981444,7.08513327966193,359.1814188788459,0.7539250794130544,0.26916235237358305
6.693510634651919,1.4875994182383776,411.9719716736712,26.58388446642857,7.706219844518518,437.7297976920899,0.941155877086217,0.28988313781796293
6.737055135675959,1.424074144095599,438.43891272362237,26.122973762136127,7.783740493329975,643.788368791873,0.6810295649584235,0.29796532983592
6.850963610339481,2.59466456025398,357.091749149214,25.835102768249552,6.275926032797668,548.6891118292605,0.650808885123882,0.2429224334462708
7.339920979353203,2.0067841969006097,393.0247633508068,30.522188717261603,5.372670357816329,328.62202651710743,1.1959781500840652,0.1760250684374366
6.883082330623979,0.8098175837404742,413.14699976103583,21.263421808342898,8.389143570413099,623.8289928983819,0.6622760475455091,0.39453403342267057
7.067643106086214,2.269867242283396,404.7574487303385,24.80772796828979,7.230992857641035,465.62171956472764,0.8692838665445284,0.2914814636343954
7.654729904225123,1.388042061905668,366.0574382834468,28.96441437181856,5.456962694053491,661.1316985876712,0.5536830847249185,0.18840231409487565
7.075307610128501,3.194044277875647,364.8760285306162,29.425889332683127,6.35756245250316,511.21643213963006,0.7137408064202376,0.2160533664972994
7.45813044896348,1.357130132569092,358.9745430009877,20.023827227293996,7.694686863132846,540.470668602053,0.664188759640719,0.38427653094431435
6.873233811996544,1.3516279941534939,237.69967440897173,23.906755954204456,6.748290851980396,637.8954578591648,0.37263108159872066,0.2822754732974794
7.12809685474633,2.296292554997512,372.55423676446895,29.75342383553541,6.539144722612786,430.2507029145338,0.8659003558640883,0.21977789039535303
6.867492280781296,2.537307760156425,218.31395216550845,26.778276868196727,8.26079367428167,420.715319216606,0.5189113450207149,0.3084886198966976
7.081338423434803,2.2021438842018477,260.4050408656209,25.683420610179205,6.05744156825457,500.3501579601893,0.5204456053880975,0.23585026543753296
7.4941078481100885,0.8430473720799153,417.76738008560653,24.2381035729787,6.281661978020649,602.7172799621222,0.6931398749872596,0.259164746907989
6.595437851882679,2.2930943795156598,383.0165122020648,23.65669676002289,2.913006608385449,386.9122747386509,0.9899311477279504,0.12313665926969554
7.35204827524105,1.130147371693644,431.5548717264397,26.008766720816133,7.351409438848494,353.19654001109035,1.2218547546159113,0.28265121209937216
7.283207460816297,10.005138665410904,299.62442122345306,24.116690562554307,7.446708730906658,602.3720927043793,0.4974075407083924,0.3087782177903411
6.992047515506123,0.9484807063589908,233.58133690424245,24.850974826344444,7.820114240112052,459.70216874329964,0.508114498443177,0.31468038154470995
6.693879750964041,2.200383429460235,301.9672102197243,25.27509547140263,7.178720758613365,480.7773987079717,0.6280811265904406,0.2840234873389772
7.225245327699855,1.2520937598885142,327.6523472930431,22.626749650272753,7.440445545044568,334.3189598059834,0.9800591252233819,0.3288340420098685
7.01467755182767,1.0106574627419553,325.92415372550073,26.862452808585033,6.766711666616425,452.1020685648018,0.7209083443483174,0.25190222630949904
7.281436673974147,2.481853664444345,405.0260359067526,35.19985626945397,7.056428472913042,519.243270336885,0.7800313630333077,0.2004675365403844
7.207648250933206,2.006770472219624,644.3903798744316,18.78054676235874,7.096780762048271,613.0377857622892,1.0511430042981063,0.3778793478085593
7.7606226119623205,1.3654678323992104,346.4025853852193,26.13404383466493,7.193588322237132,442.87698337653615,0.7821643444737478,0.27525737569535086
7.116225530384441,3.4584383628271094,245.85296379240455,22.33933468983383,7.695285826824485,685.7376120232497,0.3585233761161536,0.3444724712561136
6.841775877582347,1.4762322654226512,353.77379585328595,27.020909021317376,7.499631113750348,451.54439758201994,0.783475108422811,0.27754917896484266
7.262746472234711,1.826196006084764,320.23314126392273,25.162951156647512,7.039795302610165,451.69081984148255,0.7089653523981428,0.27976826957955614
7.276998839390118,2.0315472936914074,263.76399962866117,27.666491709148623,6.271786613553064,673.7357551897802,0.3914947330565278,0.22669251596794038
7.675715651334153,1.361976555846423,302.31279783688603,29.11427301778073,7.0609041322564385,541.1460152363917,0.5586529131233188,0.24252380019738734
7.492288936070103,2.2250914078009547,673.6110018249884,25.673473912188634,6.974783993593831,464.79752709884235,1.4492568539026252,0.2716727785826643
7.324904870702328,1.4158543200779385,299.73836529971777,28.962183009449625,7.173863421831879,504.48668688194067,0.5941452432616169,0.24769760689279635
7.712156011926846,1.4956328374310397,452.85059317007625,16.794957371739628,8.985872776426362,655.3073577542059,0.6910506769251512,0.5350339734441137
6.783932930987002,3.3233584495464457,312.616549826909,30.566583042706082,6.528604499312888,666.6202819625682,0.46895745341943096,0.2135863367583957
6.976086963537589,1.1269590976453034,301.7077917366997,26.31271753162319,7.380060117212824,438.3206820729744,0.6883266158234108,0.2804750253691322
6.8756984205080665,0.6077665199450869,162.6911781792394,28.772451745108135,7.961615860519869,515.7566189920892,0.3154417649494766,0.2767096780994166
7.063566568895482,3.7162247939780655,252.9344486015392,20.730434893054674,7.088201722689445,529.0156827667573,0.47812277942062037,0.34192248060672414
6.718159848355292,5.6688384824744364,300.26949316577355,22.092305414381325,2.234503506092747,421.37598894834025,0.7125927937070613,0.10114397135928434
7.422302831385042,1.4999255828586644,268.56104928675177,25.51078402950671,6.659764637441671,514.4314947350006,0.5220540578004381,0.26105683893285064
7.1222220560154295,0.7529244009425944,423.62806950333476,24.94036738731888,7.291680300088043,520.53228604517,0.8138362996115359,0.29236459057918907
6.68521779692407,1.5652865020096893,307.6296668452836,25.990740058034962,6.281074829596316,634.0209478936736,0.48520426315137094,0.2416658708282737
6.844547321577361,1.5824690821095706,416.63331869886895,28.79580306325488,6.683627738371036,640.7425028311201,0.6502351831788512,0.23210423142877143
7.309729846607569,1.6525522920389568,324.6278475537776,18.821728896440028,7.2240405193569925,487.0790601640992,0.6664787590014832,0.38381386529923717
7.493344298763033,1.0906371274124032,322.79208773161827,28.408366751010583,7.761673656076956,498.60468561391883,0.6473908028645436,0.27321787711716466
7.898855812092125,2.3363483563938634,313.34026642156243,25.028986684852743,7.2871853506212165,586.4292302055635,0.5343189770941772,0.29114983528403643
8.219851863102566,2.2791783011604236,320.2847188716094,24.286763486064082,8.133203364401263,461.48115510729883,0.6940363985115278,0.33488214142111417
7.345043301646599,0.9187916795232688,448.90962522873946,19.851096679652883,6.914531220466595,578.8640151737403,0.7755010044872174,0.34831986020973343
6.853661657988848,2.465575365280639,146.02919549365862,26.760670339319027,6.701048323144895,511.20935126307853,0.28565439018839284,0.2504065943856104
6.453783801744042,4.5335028954285805,169.88406916709909,16.550622521391368,9.433586596551448,423.06014222613794,0.4015600908967007,0.5699837927158761
7.293699011820343,1.9448188072385342,279.2621876707915,27.269379039335494,7.354813884497828,424.31632871203533,0.6581462196339711,0.2697096209594163
6.915470616641386,1.5464938585951666,321.0895911453177,19.77762957584453,6.352466608619308,664.7058696031102,0.4830551463868333,0.3211945387215621
7.054624958937111,1.6885754059995202,371.7578318573009,25.187102694161158,6.375162613976738,504.3578520856701,0.7370913931843659,0.2531121856844067
6.9857661203290675,2.3741802263218266,355.4815398520606,24.58290906935228,6.151588076921794,684.0354093898311,0.5196829505787646,0.2502384099281004
7.150723189754265,0.8261197356305382,291.18155653395723,29.093383515528593,7.842912420271109,468.636373928509,0.6213379343413435,0.26957718465729347
7.573093080775675,1.9382053764261638,396.42827699313216,24.374706908451383,6.672060436396082,549.1205201131494,0.7219330956917178,0.27372884775417317
7.2549669986058705,1.5099520383554137,397.2646552364548,22.57051503599017,7.114626228090837,759.2676723018242,0.5232208214951289,0.3152177173071194
7.144477807036459,4.134258215524321,333.8043373453674,23.22689056410079,6.942842193005558,414.2613255336721,0.8057820432919824,0.29891397532721553
6.837521186510966,1.6643071899235833,392.1993179365131,29.455089690641323,3.1512551267782776,330.21855001002234,1.1876962027863354,0.10698507999381568
6.613860969353476,3.812694244092802,340.4483947574097,26.877039392133128,6.237930316404382,648.6590131287234,0.5248495555705002,0.23209142292027207
7.029792231824334,1.0953822081458466,277.88877299128376,23.650295064668935,6.031984942471286,437.3190894606926,0.6354370977356137,0.2550490353704906
7.181176107213588,2.344455760677401,372.33626292500037,24.172437530124203,7.201867576463435,517.9293635893766,0.7188939054249007,0.2979371677965168
7.818775469752959,2.0782304441317474,328.29598419340084,19.514880182950936,7.540863356229908,461.4081789548415,0.7115088096986931,0.3864160725320743
7.24559608251551,1.2173975241582173,320.10048850658654,26.359659702980395,7.299279081787876,546.8162780955316,0.5853894650346589,0.2769109754843524
7.54395882885807,1.949581855468942,430.4715179142181,18.84064502306587,6.271491643812405,424.9463792814258,1.0130019666060814,0.33287032562496993
7.025246540511297,3.106262209492296,136.1845903594935,27.631287630424097,7.609736357882254,502.00599121166937,0.2712808068899554,0.27540288602053314
6.785269681754041,1.5559408298946336,213.67368723803227,25.45017557371943,6.330525165613929,564.9815326556534,0.3781958787815154,0.24874190542524227
6.86220913321867,0.8406360029854468,230.96971802192223,33.354331298508725,6.530615219692255,419.1691113725738,0.5510179823737712,0.19579511761892943
6.946170877412486,1.7858301782861246,292.75545143233956,21.14952556196493,6.150441827750198,449.99159703541113,0.6505798182922553,0.29080755545699255
7.944964406352308,1.1992498930814133,300.90438726754775,24.640682681357784,8.171042513786828,485.2617166401468,0.6200868046029849,0.3316077975375549
6.912514662271465,1.5430072044726024,206.95057641702144,31.29400695323072,7.570079386924614,377.11845657737217,0.548768093440057,0.2419018886983118
7.493471221307721,1.7351123538142657,246.11314757668802,29.169863741019952,3.1438445294103783,477.74390172012534,0.5151570678151062,0.10777714141288103
6.883975487669541,0.835473346840383,255.43687411073222,22.56325781947035,8.122490279028206,531.8796539902902,0.4802531403380122,0.35998747805022746
7.526050554505986,0.8700021572036242,504.30680690569193,25.783885999307067,9.531384323414851,480.0451058411571,1.0505404612385796,0.3696643835483528
7.334732838137052,2.236063023880282,455.130646081036,25.006997747452804,5.46169650648086,492.86235070682756,0.9234437270940264,0.21840672605479738
7.1451767358196685,1.422709641600543,289.1187936736513,25.98684553587955,6.335461077210603,518.0098329093414,0.558133794584264,0.243794925723607
7.1857331158525986,0.5675943494447511,292.7312532269901,22.554618474053097,6.445442424242929,454.4256537567686,0.6441785379125504,0.2857704035941812
6.970824306599714,2.562456788699426,233.80970021087793,24.68737859054743,6.234262339855577,589.1062565866878,0.39688884237214433,0.2525283240174645
7.356125270518729,2.034709495755056,176.890219008105,19.406816686531503,6.030175077156659,663.5978124801776,0.2665623901727206,0.3107245858277031
7.040755781880727,1.3054437144877444,311.2339860193607,25.472932081538286,6.730312242350171,473.56196078045514,0.6572191429954185,0.2642142734415729
6.771037982681463,0.995224509015691,245.1611012566981,26.575072356976413,5.905056656239536,568.5198231477707,0.4312270061214301,0.22220284396288226
6.752721848988133,2.6219025496801924,313.6362101253493,24.204032055746406,7.301538130783672,496.0382844565353,0.6322822652065503,0.3016661899127743
7.260405771202742,2.106429733845461,199.9845613217392,19.347321882953242,7.046528489285754,556.5487345038505,0.35932982850103956,0.3642120874359561
7.752681939743653,5.259088338808869,262.85191562673066,28.45986151998012,7.43292579828729,676.5779531203254,0.388502040917056,0.2611722405279111
7.255997064750703,2.174658268637097,331.1470321477123,26.27583763297481,7.456955606474427,570.8659543018099,0.580078439872487,0.2837951623325734
7.158476585861541,2.1430993560232623,347.46571983379533,22.45894715804658,7.542706168084009,342.65854611903194,1.0140290495281956,0.33584415667417483
7.30003914886089,1.669741954712476,351.3103969056511,24.017898436066776,6.663931956858506,565.3995631446959,0.6213489005044464,0.27745691300166087
7.657100609597389,2.5995433764009324,220.9633261882222,19.747657090263566,8.909029062370301,643.2863743309009,0.34349138269569596,0.4511435975239225
7.27678387547735,2.384703994849802,384.1014297601671,21.411064552777333,7.210988004833888,497.8403830001897,0.7715353010244264,0.3367879250963501
7.056175469208192,3.161551596859561,259.98412275486123,23.117660287750013,5.323763722637684,619.5634806117832,0.41962467267783743,0.23028990202173413
7.587201048520961,1.4236035260643134,367.464343595548,29.299472842980528,6.097861828810404,450.9884458848054,0.8147976892725279,0.2081218956221361
7.350064753461565,1.4797206235379123,319.20209925363554,22.761738131893836,5.433547309874966,371.4460840477726,0.8593497494311507,0.2387140770353323
7.737514597198597,1.4509089730494809,216.77093756915392,27.240747807650656,7.015601166236177,534.1169018832641,0.4058492378818806,0.2575406965981243
7.264132053027668,2.5693358449829025,296.2851721564109,23.11589328998447,6.890375298352,344.3523279253686,0.8604128624349672,0.2980795598903991
6.771435838897825,3.5326742535469884,347.40228065478254,25.867816462981562,6.578416871890488,496.02289871064085,0.7003754898368968,0.2543089356345406
6.721144280264017,1.4641991577258229,365.97240353559494,24.50511574249669,8.809833501160464,648.6842262645503,0.5641765110322597,0.3595099730903323
7.777824776280937,1.486818329315387,309.4259076916686,28.0556981003246,7.49408458666922,329.0237094253719,0.9404365060258723,0.26711452910104255
7.803283002274154,2.0732582749675306,434.883416795079,23.128160316235046,7.653488525301701,392.0503204086102,1.1092540782566545,0.33091644214906524
7.13716827535109,1.6115460373819828,395.5633078239919,19.496151124991457,6.162033860852107,416.7967754838422,0.9490555855783643,0.31606412062292666
7.065884437602405,2.7627064824117906,300.75094127001853,20.163178390227287,6.100769597802089,513.668014028904,0.5854967275674972,0.30256983694391243
7.711505502284771,0.6534344115236718,376.25913591027086,23.13842877120035,7.033124949187259,483.4283214353791,0.7783142179032766,0.30395862306524296
6.81253401128478,1.2408162060821226,465.034511389114,20.628290102626814,7.155706425687003,659.9136381696087,0.7046899540960729,0.34688800623255694
6.886845543365461,1.2657936472953562,467.036345058727,26.43574205487843,5.329319589596989,615.4348329091697,0.758872134115385,0.20159523339778998
7.425164378141166,0.6335771260654921,227.90000893831268,23.369811422996726,6.8377236794354195,569.5272946068598,0.40015642989618305,0.2925878842439805
7.061888206999144,1.1666651326280573,250.51001666321372,33.31112292509251,7.012664874586155,534.5630314343884,0.46862577831284424,0.2105202184374179
7.198207346647975,1.192398008633653,431.3689090050388,18.917998917020036,6.806365750805984,559.3229776984828,0.7712340207799923,0.3597825425754979
7.142794985516421,1.6442585783530352,240.6289211871772,25.712716125484306,6.267948628887991,433.8017644686625,0.5546978848320476,0.24376843730934056
7.318151092079627,2.970176314337101,220.80941500312406,21.052164417730157,6.514418336270974,605.7210353556612,0.3645397833566592,0.30944173753386245
7.692618651459801,1.612054370101255,283.53544019757146,23.273095308660626,6.840826725784484,408.7955745640799,0.6935873523090853,0.2939371250389201
7.231704717415611,1.131925868878404,351.51700321059394,25.494968156691904,7.081720021249043,603.5376993902231,0.5824275825118213,0.277769322076609
7.4253785776469,1.7544529893548095,312.32024700416775,16.861200187939996,7.544312424295511,638.6142502118831,0.48905931381979706,0.44743626433494305
6.4824397646391425,2.886125065208231,271.2077284695806,25.828891408758096,7.972770584455784,541.0864602088087,0.5012280816727882,0.30867645297979635
7.182948559324459,1.1602148432303476,269.4340653706618,31.660176117959587,6.735087048825475,502.3786941038024,0.5363166641676704,0.21273056169150373
6.904869405397496,1.1948587375460862,266.5747201690468,23.412965955709925,6.589459423496178,560.0309908309673,0.47599994381294225,0.28144488126627754
6.77341542885173,2.314361169081236,254.0367778505793,25.909327498819284,7.3938901061808755,233.8481629899327,1.0863321507533747,0.28537560870762946
6.892646671574937,1.6292102901104268,491.1224657957046,28.587225925938895,7.549760424769769,550.2258218485462,0.89258345627205,0.2640955944563834
7.083056795754716,2.4088628163877503,342.3133303389166,24.42616274990551,6.609219610067003,508.6646002160193,0.6729647201585155,0.2705795289148546
7.520565889824605,1.7889799705891563,386.5069290803554,22.966639340139807,7.711354129269555,514.9371886943009,0.7505904362052402,0.3357632788612691
6.735762548791153,2.468313950799156,283.3191898910807,17.034922586973867,7.881626807040376,590.6532512897827,0.47967092244461446,0.46267464773025957
7.2107210224080465,1.129755811759154,306.05324921104636,27.243467517882408,8.162517819092805,512.5231078435272,0.5971501470417293,0.2996137629593219
7.0305406983332475,1.790238000249553,266.48345139722335,24.60391056594886,8.60048881604784,405.9793143348842,0.6563966241329392,0.3495577986676102
7.085314416973314,1.6371814879610562,121.12187488105985,21.455606520141433,6.2202254752065045,505.85973291746217,0.23943766819017104,0.28991142568574196
7.5509652388566115,1.0414726790391824,216.64930423641005,25.443088485971927,7.01250838839926,526.7555484080824,0.4112900279667673,0.27561545416412847
7.388340402951374,0.8906725641063062,184.2035990014704,22.957118751178363,7.010149926956794,531.4933911581013,0.34657740259027237,0.30535843817931074
7.66808933760496,2.4507000802406265,151.26621665362944,23.15050854109566,6.911733788320743,536.1919367285068,0.2821120690037921,0.29855645615954257
7.145923012262535,1.5370393912749796,230.3480769276423,27.12201904638048,6.415663372350878,623.9369044918553,0.36918488915997305,0.236548147886028
6.956420085915254,1.1362808742082044,419.37167595362234,20.315661560366543,5.662994197092035,411.39654469658524,1.0193855086044026,0.27875017410901687
7.121649414091825,1.7237568832254389,316.66728742217344,28.665603501258154,7.083411501426103,537.570045616485,0.5890716754111914,0.2471049144705852
7.2848738769449275,2.990364094453286,416.7922821740881,20.108098429085587,6.308479906406879,648.9929698618241,0.642213862906445,0.3137283184014012
7.261800675458799,0.6449739403793225,350.82369326756566,22.680545070756576,7.077394132672863,346.53885030628044,1.012364682798186,0.3120469155654545
6.820464174718322,0.9178688664639801,378.69191192863696,31.73031167923302,6.285360812471032,537.9646680780054,0.703934541429264,0.19808695470787638
7.231671423569757,1.1882572834449794,252.43272535215687,28.94574166574848,6.010307488740093,461.46214980269565,0.5470280183544585,0.20764047292842716
7.279879915548617,3.4740364324019817,359.2963215644503,25.34161397373404,7.210868524339208,482.9289615526895,0.7439941485581201,0.28454653803080954
8.081115913136871,2.044086125497591,374.65356755557593,21.708144245745743,7.135829374125846,429.5192496785578,0.872262576906525,0.3287166923779904
7.856895613948585,2.542326033276896,276.751453082473,23.147546926550373,7.52135377418884,503.0449284299556,0.550152555848713,0.32493092240205385
6.9013648273044135,1.0775761908863968,361.9655277962125,25.256463601049937,8.967277389775862,704.1255614426905,0.5140638937387494,0.3550488117189567
7.099415823457789,1.087624022362965,362.46408189311245,25.131331313188596,7.2495605780897625,393.55696388227864,0.9209952183733515,0.28846703295361387
6.687795299357049,2.201860836075012,278.7835534152438,24.68195174630913,7.436573590357717,403.03899975211726,0.691703665369121,0.301296010412538
6.99325254511278,1.8478265559752145,235.79236757967539,24.892086200705354,6.030194804019407,389.80654298364954,0.6048958690505246,0.24225349194912127
7.31046175125662,2.304166793881169,231.19037510762956,24.2496871160321,5.841783303517262,692.7418286628101,0.33373237408500817,0.24090138877111975
7.622048767310882,1.6542284701992387,326.48791564410965,19.953074425259956,8.424546502096,473.7660294478713,0.6891332331796771,0.42221796614113727
6.944820656789737,2.0400031292615752,344.5257401591986,23.192212402437086,6.168868198060027,517.4360939652325,0.6658324461268601,0.26598877636235296
6.9710487459762716,1.9327430303053412,260.56056271565643,28.201184188953963,6.0604503356782224,479.72170588937604,0.5431494124965481,0.21490056215625236
6.448448839591471,2.554309646267687,321.9939005994574,20.21082995857109,6.964810970905102,425.5577121596908,0.7566397961990852,0.3446078654454978
7.143066927809283,2.588142383094955,362.7902777103864,24.336555709612526,6.91882682796035,496.48493533855645,0.7307175946093858,0.2842977005668691
6.828154955849153,0.868354070152542,366.36430359989754,22.130861249302047,6.187744144201037,765.824360573656,0.47839207324962224,0.2795979819536478
7.0146962004218745,0.6547615306373297,436.39100900918663,25.38972650289339,6.72552410315821,659.2070920974255,0.6619938017060829,0.26489155377045026
6.893098727641345,2.825180040859346,415.77356241485325,23.639783866266136,8.106438145885093,434.70621822077277,0.9564472395094559,0.34291507027917223
7.167008106011605,3.071797689609777,244.9031425432592,30.170877827411342,6.274605752051382,584.7574103061686,0.41881152462015364,0.20796894899593124
6.5847950630251795,1.1371285921392331,446.26896571535167,26.773041039665888,5.745694764070445,436.8477227333624,1.0215664234737003,0.2146074760636212
6.686534164113153,0.7794714103669775,280.17676215832137,20.40868891977976,7.848334258809813,342.3632361153779,0.8183611223487226,0.38455847358246215
7.945236489209904,1.8820325460690788,398.3654609340821,27.349298040647945,7.443067220744233,621.9510917664629,0.6405093040397214,0.272148382370983
6.749402096554089,2.7364565862043033,325.09899695383166,22.28871850308278,6.441533241416204,636.009284664355,0.5111544827924926,0.28900419916583664
6.816125047540877,4.041856839002526,289.08879661572746,22.980512700178632,5.576049685485774,624.60522510479,0.46283441924013213,0.2426425275290934
7.84291973491246,2.270773613533009,184.42273551688004,26.098366570374928,6.329838979205293,473.01347507804275,0.38988896772222403,0.24253774511660403
8.216773509234143,1.5227442755429272,307.1326617337739,23.27888403094453,6.950766006835655,503.32242659980136,0.6102105638499182,0.2985867362712074
6.78995167991113,1.2042751915606793,203.04625735207932,28.124995357130345,8.049104880895438,594.9765553658124,0.3412676609202515,0.2861904430094351
7.0711128651241895,1.809299486178775,392.5474426882079,22.289214784703116,6.067076222617309,559.1496037348107,0.7020436750132839,0.27219784461770663
7.319544442829178,1.5732091034712203,433.7594492854436,22.833687065930228,6.923932106639674,480.63625287029555,0.9024692721264576,0.3032332048103944
7.8050441755419575,5.6998737174300675,260.2316758027482,22.70270187258162,7.6076301939054085,358.0928179881835,0.7267157081361387,0.3350980088891205
6.854600022550117,4.525493843086373,342.6478056889453,23.020264380757364,4.8568593938902715,531.3875194142013,0.6448171874015378,0.21098191200402197
7.114152753920262,4.019318841393774,265.59563584940184,28.847170444417344,7.930407551145009,627.9009639236114,0.4229896928167695,0.27491110666903357
7.4720681516216105,3.001189087094291,272.8636452397408,27.20078702763606,5.935794485014206,400.24117109658425,0.681748068276301,0.2182214242177414
7.352168126063317,1.1893464872404942,378.0871027899029,30.98480383904225,7.298795944111241,583.8759381675977,0.6475469839988088,0.23556050191656946
7.068345375069465,2.6446675325620563,317.10963036174405,32.93675471364739,7.22201483464967,553.1541695133693,0.5732753142595263,0.21926916897059134
5.5,2.400359575307103,450.47360314482586,21.392490388236812,7.976127752317461,595.0148263232334,0.75707962762614,0.3728470882802561
6.718786467070506,2.1966471953846063,283.8325640972809,25.246466945645512,7.495831942804187,607.1975499719007,0.46744682041358016,0.2969061753845546
7.116639189608867,3.158622563912414,394.9502249355867,20.883298891747984,4.8604385574430164,450.5534758074647,0.8765890091687164,0.23274285268040742
7.106764378496866,2.3957675967236973,327.30600597183366,22.278379252881066,6.2936986775596075,358.3040599835054,0.9134867352239917,0.2825025378246804
7.2812594613691894,2.511281225307822,379.6833507308175,22.794711214105156,7.124384616417952,466.6480474317121,0.8136396430253557,0.3125455088902135
7.005635473413345,2.3974231964645885,286.463175700254,21.29995794051604,6.824518102492192,608.9127317527008,0.47045029732864246,0.3204005435856204
7.365038482890799,2.098332115618114,316.2830871836313,21.31839454485555,7.429849656781093,465.7996096474029,0.679011061050585,0.34851825455937196
7.55445053623694,0.8066718334076157,311.33758405257987,24.495004675179107,7.710429900102735,450.5956676142358,0.6909466877500525,0.31477560434661794
7.254400264683963,1.8690235892902398,257.29571638656597,20.741485535647577,7.5476065627867115,337.8649658075361,0.7615341702315883,0.36388939209850407
7.323114742939722,1.4014400055880611,369.65611509363146,27.947444356981716,6.807152551700981,695.2647554550939,0.5316767636979794,0.2435697684822636
7.218604371652254,1.0119288215592868,368.7686754183773,21.7878626190387,5.338296689991568,602.571364142531,0.6119917031622324,0.24501240820780876
7.200029537581995,3.8366674705320882,364.5166021179175,34.833491395337376,6.590066876030664,596.9895981274765,0.6105912117418191,0.18918766428658298
6.947454688260003,3.9189923543644842,435.2724240438233,23.420154421624616,7.37473133332506,616.7725386779474,0.7057260120186775,0.31488824542146154
7.310772991585658,3.3182446891815256,428.7008600927228,25.252061746709682,6.01859747270457,577.6708361543401,0.7421196177163147,0.23834083462467326
7.165949690555279,2.019061304143788,291.87914826131487,20.466305854368876,7.568147257109419,495.5671144820471,0.5889800588692791,0.3697857009937077
7.932608908125708,3.30543462294475,347.9789238825634,30.971321153446738,7.817553967540574,503.62358958777986,0.6909504063687466,0.2524126732859949
7.750674215866335,1.8097896013498875,273.229948305634,28.918252382810206,7.114180278666258,477.24356354078753,0.5725167800660814,0.24601003492503995
7.335046293394775,1.971994445526056,321.75164870859163,26.039205547576394,4.242598120318844,783.4740754415,0.4106729996487497,0.16293116595155588
6.9329299766068315,1.1004558996775764,275.0187913160851,20.28619107927152,5.849720473559377,575.5912031299442,0.4778022836704081,0.28835972463734877
6.810655984805804,2.152075557243817,441.5052731852038,25.73733407203617,8.697570242700474,473.61995586485654,0.9321931386505674,0.337935942330191
7.616900033581103,1.849583230117539,347.2773612757222,21.074991338939608,6.5081159862744595,566.549677416628,0.6129689506827523,0.30880752839265063
7.2919622288014985,1.0015944821636527,303.64781539216835,30.118243422156763,5.214271099183904,418.91310821436826,0.7248467747559338,0.17312666698709187
7.368050191187064,1.759004395446106,409.5213928892283,27.832181561486106,8.111722649479246,670.4506718589228,0.6108150980798784,0.29145119765617533
6.5893949045590325,1.7365638487442516,157.20384426534415,25.334036634707076,7.012020032389305,453.89309041928595,0.3463455328657379,0.2767825804271156
7.524603468545363,4.041796170760869,168.94230538510328,16.47268517863437,7.994446440061953,570.1085432622466,0.29633357959940415,0.48531531765270547
7.3590471183750275,2.6917261054936983,379.68789914148306,21.55804407469339,7.249262807697429,626.5977629743135,0.6059515714502285,0.33626718558420665
6.811349260454933,1.8092947211042163,324.5351336088026,27.407163960599554,7.412703222590952,558.4768544204993,0.5811075804485306,0.27046589837779017
7.034966317392518,2.013231121076399,338.78347251955705,29.245092921031045,7.326708322943065,529.4469991819639,0.6398817502847376,0.2505277840192535
7.292301021524782,1.836170651004175,220.52029225110886,28.88209434022246,7.6277394807289,521.0802084856015,0.4231983649734075,0.26409925093645925
7.2183633794246855,1.6429203701377513,318.2574716862225,19.427954492154907,9.049687403700489,514.3558903112893,0.6187495422549014,0.4658075253035409
7.0977400849687555,1.1059386441147718,470.26320578010063,26.055433073845165,7.8739057023632695,462.3301511072498,1.0171588520754091,0.3021982279107544
7.163779106176914,1.6817136780489486,381.8149714846897,28.554303257690254,5.577694613939018,475.0516570230296,0.8037335852639286,0.19533639338360784
7.111807917627591,1.286650653684795,332.7279908857109,19.195825520462144,7.401995363751013,667.9590373650935,0.49812634049870363,0.38560443028932095
7.253396879235864,1.025463466040529,287.0709567421297,24.97233419619367,8.027332691292896,509.1463367314843,0.5638279921348552,0.32144903348748377
7.7150221905476055,2.2655928790746223,290.40703610979546,25.958448394079596,8.082430725882531,441.42037306172267,0.6578922356834414,0.31136031719545726
6.301669545674046,2.146536819637255,160.31015830999868,23.947323953036427,6.616055515246811,468.37024031384914,0.342272297664721,0.2762753587090436
7.11710240742161,0.8055486223750439,339.32303156908705,18.517433506095795,8.048450000669314,630.0370680697223,0.5385762977544938,0.43464176598878174
7.261779347480356,1.703318791156091,383.41123313613906,23.86005661474195,7.834968159596085,587.5606633164479,0.6525474850069086,0.3283717338187389
7.303597896390485,2.8175065411868485,201.82855046220385,23.854430994107418,9.315265693272757,576.0329178232257,0.35037676531559164,0.39050462765487204
7.069829896537549,2.8992072785636323,270.3937330769888,24.48174658408286,6.3249984373763395,494.24788010902085,0.5470812196854451,0.25835568617022703
5.5,2.8559748665198743,233.19015258249334,23.027850011012255,6.5433394812396175,577.3362470172945,0.4039070018333839,0.28414895346767055
7.3147984192999385,1.8317972853129267,247.59866038934274,23.449457463654866,6.724492856386042,455.6438875049352,0.5434038888246052,0.28676539177115584
7.804572574957465,1.230617735524847,324.0111220116425,24.861028011785578,6.558800064965102,494.03859686542256,0.6558417177674561,0.2638185380691357
6.6631485082793525,1.1053059700246217,163.66983837586443,26.54859111739399,6.198981325212757,616.9804487391746,0.265275567014045,0.23349567959375953
7.502339804794366,2.101936099299022,366.0702828767798,23.934506330001664,4.513592044893631,607.4277678919065,0.6026564839918926,0.18858095432016028
7.085016171906988,2.134991531936093,376.5391302450262,23.566228750711993,6.608770473649179,421.8090154049197,0.8926768193504915,0.28043394399494287
7.178536478959904,3.212616342482734,301.1673058972316,25.323239133890603,7.332422253729914,434.4473547091424,0.6932193340177193,0.28955309449006406
6.831485521253618,2.952869789728328,133.9468617511594,18.276794259366866,6.55610033904468,530.870215281341,0.2523156468293718,0.3587117218701893
7.082940339675443,1.696019049737357,245.2686030498208,26.669622945292602,8.741843065176198,692.613237466951,0.35412058242898387,0.32778277679846995
7.655015608144636,1.0282867002201055,412.46764505770227,24.998029160069645,7.012038231444277,328.4434835531006,1.25582532676742,0.2805036423689307
7.403929334695698,1.5592246777098198,111.65042894535708,25.138927343091467,8.161926149665723,547.8332939570504,0.20380365738433992,0.3246728087588326
7.80630906189348,1.9848447561000013,293.9357440854861,28.362570076580624,7.235278371456972,382.39566684268516,0.768669128791172,0.2550995326559367
7.612094161142193,1.6435346623635514,231.49994161495556,18.16514564483113,7.743766578903932,456.56690064744544,0.5070449506669704,0.42629807271087916
7.3536803376253514,1.3878202020516823,380.34277261886274,18.09158145549363,7.251317398540206,483.55715819357584,0.7865518401996343,0.4008116933491348
7.810377084158727,2.016946696772662,269.3664535892404,25.95831345863232,8.231906168713206,477.9491656563109,0.5635880820491681,0.31712022361667425
7.353647605558405,1.4347716121765077,350.2965515551709,24.975091007050196,7.0503454151191605,466.62040603407917,0.7507098854343445,0.2822950840551061
7.489795861878971,1.3568379111093642,362.40953143768195,25.595619301171762,7.446508637279907,520.720706037637,0.6959768014515779,0.2909290277238577
7.096200166262852,2.070811253364641,457.7169379797515,23.38255523689644,7.329699640285039,466.47444333694216,0.9812261840229799,0.31346871913806745
7.223291035550722,1.5021388670731213,304.77935422434723,27.32523785983976,6.740543087685413,373.75426151458475,0.8154538572731539,0.24667829507138794
6.955901661844903,2.008993077218074,348.20332772169587,28.26423595046892,7.364484087032209,597.9869612522776,0.5822925085063795,0.26055839966585154
7.546354377108199,2.0354735106326953,208.62083906544228,26.693938028830345,9.010947621577914,595.287216714888,0.3504540887283339,0.3375653158348457
6.787593731909797,5.3896558159605075,409.28101724703083,24.08710039558396,6.756642752114102,604.3174310022669,0.6772616447091951,0.2805087636597737
7.473822619846182,1.4495137555058868,262.96183639464766,17.62308714334959,7.377518403567923,365.9265503735918,0.7186191767888321,0.41862803852456526
7.133272129873195,3.4376437760036263,277.94343769341907,27.69232672812995,8.1320010557825,549.8918152584151,0.505451126896302,0.29365539182094036
7.609936482713562,1.0669999059461666,318.3314153863092,29.276050331761574,8.026227952849853,587.5978855806924,0.5417504439651256,0.2741567889758067
7.462804146055941,0.6943994989915367,202.7836740995113,27.25595444194393,7.010544775947428,416.8797931560415,0.48643200612894116,0.2572114944967389
7.83722615517638,0.7787667859996809,337.15775216967035,21.92125150421373,4.854950167338375,520.9173248182129,0.6472385081208999,0.22147230811184074
7.455771141898526,1.8237341699310343,392.5599704693758,27.358280377837154,7.465032536783619,508.37333546896343,0.7721883566282006,0.2728619062925832
6.649785910521366,1.825218014713836,341.97003676229684,28.01185397786506,5.002473167239253,704.2150658568264,0.4856045451771442,0.17858415123797955
7.17656638948563,1.7072122550007196,200.8326826865956,30.4558568672968,8.322943507847107,712.4496037012573,0.28189037041110954,0.27327891459800635
6.789797482591815,15.542994153552696,310.71430292527555,21.93361526520215,7.152526484073935,353.56436066697995,0.878805494816078,0.3260988395023721
7.0186020551718045,0.540646934304979,375.6521677234618,24.207408954095516,7.899706617884791,769.392700572799,0.48824503721415025,0.32633424886013185
7.728929951646853,2.15105174961796,179.15084255255692,27.615452179002094,6.188099975637054,428.4774278846676,0.4181103388269466,0.2240810664814059
7.423136833814194,3.634363002907348,239.39254896367146,25.200935250033552,5.602743274029951,618.0673294327426,0.3873243861366756,0.22232283121407137
6.955374349997439,1.0835961959985847,385.740770306114,21.089353392820538,7.23467894572705,617.0497980863731,0.6251371793693042,0.34304887451836036
6.845198921745861,1.517210929590198,340.2571575647965,26.45115699759346,6.969756904039472,420.4309773158193,0.8093056314192619,0.26349535124961015
7.2114737325066915,1.282723179657398,350.8978686595065,27.025315718353085,6.557613256458551,569.3267793839099,0.6163382460934411,0.24264705451730317
6.774203947716606,1.2036167041503032,459.4621105717483,25.307870137158506,7.076195152659487,509.2466255733936,0.9022388907425951,0.2796045306977374
6.965100902911197,1.5542121521022292,355.1414583879652,25.768547245129806,9.490692302829034,575.4330004632391,0.6171725606666054,0.36830529142937046
7.309203315042936,3.421760013598045,369.34160078248846,24.094529344099943,7.751072992632152,543.0672302380626,0.680102904792435,0.3216943100210491
7.604359212637344,4.1148841015974265,523.3059145413745,30.173976275006208,7.944548745276987,639.6339485370247,0.8181334273114856,0.2632914095533918
7.413066515278554,1.5474586638209733,303.96465814321317,21.847577357005633,7.75954320239802,527.5399543146062,0.5761926763218002,0.355167214909064
6.398048671990665,4.242122617158133,260.15879272861287,22.944377330326773,8.331515929466974,503.21259305736885,0.5169957912777302,0.36311797916846394
7.306528355160591,1.8290488534920453,352.08472986853496,25.03844929734634,6.82893549438933,629.6064233057181,0.5592140055051077,0.2727379564641443
7.225211750631402,3.962787242978211,352.9243272041671,28.076339096953124,5.150714823092235,578.0395964858603,0.6105538951825079,0.183453932697771
7.344861599880443,1.7259925435180032,280.4963456040344,19.75919390466912,6.8302724802945916,593.1813394320887,0.47286778419661907,0.3456756643640503
7.765673388577922,1.909349649864322,242.57022353338644,20.41396137582096,7.730562138996851,453.5413327741403,0.5348359807686687,0.3786899561862212
6.47786660311834,2.1217690061354824,493.23833165675586,17.86795022292849,6.127179644396434,415.4737218601526,1.1871709465725937,0.3429145239353713
6.993113801183113,7.52530108114193,344.5132602791017,25.114433288386447,6.841270644559603,463.22778567472983,0.7437232198351174,0.2724039426254217
7.406817212977674,2.640227726780798,265.07859639484434,21.085929639777095,6.377407231297918,457.9178614319411,0.5788780449968146,0.3024484734724428
6.646441960191121,6.546663554381096,388.6947726709699,23.65407461493729,8.351826326658816,598.6199268652914,0.6493181319679634,0.3530819303911694
7.716582166818728,2.7838523518419285,311.81411363289993,27.314823664620977,7.674511313865907,617.5984050294052,0.5048816692103565,0.28096506893457185
7.328924814445231,1.5295323318385978,301.0338915261627,22.754600477260038,7.586386558579563,504.48697104675995,0.596712915898596,0.33340012127046875
7.4963043950451915,1.443974069062691,362.170465393587,25.809487079601777,7.559441181808874,663.0919018824352,0.5461844193322678,0.2928938943456722
7.000169718467372,2.709210534731021,223.10882988262324,23.95231732286897,6.966475672703086,656.846939376513,0.33966639183003705,0.2908476695092754
7.484817291488174,1.8253562608341127,346.44704029378795,27.352400102837528,7.177800654274753,544.3398916400539,0.6364535203362919,0.262419408435391
7.5739650445961635,2.0403999170899745,463.4716105798814,26.66294823571803,5.933333877520914,437.810822845696,1.058611588373706,0.22253105039496507
7.281507307048009,1.8113637502324653,354.9633246647983,22.578232063388864,5.032202219124489,677.537664943554,0.5239019807029776,0.22287848778400696
7.282040312444543,2.094362208361276,291.78409221624014,24.409718863098416,7.135073017310521,513.8982648971592,0.567785711972839,0.2923045962687028
7.294620133748604,2.17933834387591,281.9671039678818,28.65310189202173,7.29159123064493,532.6165196430975,0.5293998469233098,0.2544782501427961
6.897829157341216,0.7528807315108254,289.2245019991168,26.376819045889338,8.08833811158284,486.0394974393431,0.5950637829288997,0.3066456989188526
7.148364961915877,2.4296430796851394,300.9527991464164,20.11063279787104,8.41420223447413,431.02096737028023,0.6982323875856247,0.4183956973927184
7.146617113641675,1.157054933080394,291.6645100431296,27.294663214099838,8.412998636499053,373.1360569684708,0.7816572657511215,0.30822870282396736
7.334187852523724,0.9405899952405105,388.7233580805925,21.203862821473166,6.10177876603551,583.2868323557288,0.6664360251553253,0.2877673194459754
7.549938486418603,1.7533032938783022,190.00931725932625,29.94379574486352,6.682961468545208,441.659894610338,0.4302163714162121,0.2231835110514199
6.8295123713075565,1.8693263333089474,384.6500037809101,28.584345939443587,7.432300866293241,825.9531228996823,0.46570440030605526,0.26001297640459203
7.156246839388148,1.3174642822834386,291.5235106143079,26.014599165714404,9.27871420996796,411.3926417387521,0.708625971972136,0.3566733491014814
7.718509441680641,2.6162735622488653,348.2710839271529,25.550314952026678,8.332089283342524,394.261752501863,0.8833499108577804,0.3261051497403015
6.939744119915603,0.9839382283526247,235.47590673493522,24.26838710390403,8.007457445798542,571.0138715613441,0.4123821126990573,0.3299542491849568
6.912212493948388,1.4987957884035052,419.6473300137077,27.374833829900098,6.650990840005639,672.9313478967296,0.6236109096794644,0.2429600442995606
7.270807167140918,1.383467880950268,413.4226220128905,23.702276406882785,6.205120331960388,526.4589656943222,0.785289355776564,0.26179427770737307
7.4955348166698625,1.7626571119254726,391.9692894312555,25.824494547239627,7.710017095044916,577.2242420187274,0.6790589529996532,0.2985544240155917
7.203999119446231,2.040664709950425,206.39339181548456,28.05177028281808,6.009404862189076,335.64525825412903,0.6149152616933939,0.21422551238664184
7.665136206652947,1.1436613627684835,382.184080329954,23.033677097660437,6.785407284117728,452.24884543082334,0.8450747507511623,0.29458636827061063
7.499877893898285,2.493566137856165,350.36413157267816,22.84332541003257,6.89669984589827,412.63842708624327,0.8490826558415765,0.30191312876317494
7.494637023411522,1.851762208149264,199.60465646505742,20.819720817464393,8.433620880210528,330.4954150052119,0.6039559019658705,0.4050784808380369
7.393940775463433,0.7682891271109386,318.17769621718884,21.274345388558398,6.68077242733629,531.6980234023887,0.5984180535055181,0.3140295179624794
8.01467858512113,0.745589958576005,347.3400866774947,18.600616409954743,4.804675325284646,295.71723783895663,1.1745682775065387,0.2583073173162833
7.128193408896885,1.7900489808540991,361.7056455367363,27.554400761554355,7.4540001828962215,387.78040339125516,0.9327589593840037,0.2705194080394053
6.49876719777672,1.6296273546427145,333.29460252116417,31.331200897289698,6.370880332206466,466.2806205986582,0.7147940270244276,0.20333980663848664
7.761489026531,1.7181491120883088,341.8423562635535,29.98865130214607,7.038367921993972,436.8714164048924,0.7824781925003169,0.23470104910954387
7.039805199165111,1.7774763181133457,430.52085441898214,19.308704289807192,6.921965769242089,559.6408502207067,0.7692806096073879,0.3584893975975437
7.237758155520062,9.961488469062981,411.95254324330097,27.5369913504467,6.753666403764009,550.558019190248,0.7482454689320377,0.2452579629275459
7.658342739701185,2.757236718716448,104.97087846629424,29.97737222473245,7.7113065236062335,609.3798745935457,0.17225852517087056,0.25723757458781255
6.639209160629377,1.0917582384919653,296.19210838717385,23.401165067414677,5.620421609482563,595.2383732712678,0.49760250966244457,0.24017699944815177
6.761923475062852,1.0622607798569024,307.65117293420366,25.355066007275173,6.534687197541076,634.0812789361381,0.48519201426413494,0.2577270828506645
6.639552722008402,1.1005289510894982,188.59260704547717,17.972374322183654,7.615634121805643,519.8081599990945,0.36281194017001517,0.42374112542300635
6.922052298491102,2.049916714246206,327.06372936742343,25.933576587918246,6.447323702190069,550.346690081667,0.5942867201016323,0.24860912185917708
7.353872812105948,3.151923764435311,413.656832930788,21.27754094697849,5.552073961657025,571.1513701919191,0.7242507932560688,0.26093588424960573
7.38346574498447,1.4824319041192902,238.50741053070573,25.6987225626903,7.601699808931063,534.1656697391026,0.44650456598455235,0.2958006877729906
7.296695962764994,0.5839276066989123,345.2300704017404,19.53578977233892,8.010785167397385,480.2805690082926,0.7188091558952484,0.41005688844686494
6.705531940637672,0.8360974353119774,251.31323920276716,26.900003785671586,6.959504313121294,486.755746566023,0.5163025623749453,0.25871759604838074
6.391463797178575,1.2372858372104514,593.1345160928535,28.585794363993415,5.235238961377421,438.24416016700343,1.3534339302247071,0.18314127971100616
7.219023754886634,1.400471079709256,430.80452256275265,22.258870483996912,7.635372772028934,562.161682990983,0.766335621223161,0.34302606583377226
7.034878388226582,1.4978215951430511,279.30816349161313,21.02077096506348,5.506100906722281,510.59848259148447,0.5470211389466266,0.2619362018583153
7.360785020100814,1.831523566074566,354.66593667579684,17.453919351075065,7.27791934916335,453.6826249363235,0.7817489962847395,0.4169790866321993
7.445683769177445,1.5643975785184199,179.65864129542598,24.06755263073688,6.201282557732056,453.7755180675407,0.3959196433966393,0.25766153513308804
7.248384501220539,2.8863406526483932,459.673817104616,22.96442123001438,5.956144642809731,398.9601272217211,1.152179843899923,0.2593640215510888
7.466046579881549,1.327873615329139,365.1989334729874,19.57143205678181,6.602280984628279,617.88413412372,0.5910475982538549,0.3373427639568401
7.280223980940274,1.2210896100477804,306.31251180123036,26.5855656470926,6.835032199215466,527.8617669531787,0.580289255592933,0.2570956093222318
7.3855226469605135,2.2328541549797882,363.1659882499921,23.425103663473728,6.420212574652196,433.71999804267296,0.8373282068821296,0.274074030445513
6.953364357995541,0.9018994257116059,214.26354282891424,21.234924144741687,7.529832950393636,600.8547749602018,0.3565978864744916,0.3545966493248913
7.13713600515899,2.1450179749954343,408.6898056314493,23.058996580258434,6.59853755938705,463.95511902056273,0.8808821993261291,0.28615892007357663
7.268871633829935,1.8850146590968486,295.70114183776775,28.749565886253656,7.8821717845046395,379.3499372987767,0.7794943738316029,0.2741666366612314
7.4871849663960965,1.6844473780096447,304.6947863713674,27.11027930314328,7.253055849079131,622.1222289219133,0.48976675676639686,0.26753895701244884
7.0621905897214,3.6785215293270155,283.1258288775887,24.544908784755286,6.372198514063323,466.2903010433887,0.6071879004218095,0.25961386004502335
7.3824085395062395,1.3604197808612435,276.45114479408113,27.166867564626983,6.220654104550943,479.110090979121,0.577009647676422,0.22897943937602275
7.106956422829618,4.549061016374055,372.10029587213063,20.936808152646414,5.517253330857305,524.1180020349177,0.7099551902957545,0.26351931443570703
7.158860241435154,1.626356948814378,339.19301375781674,25.113295352544608,7.26165986008014,634.2589222790115,0.5347863496173337,0.28915599319562624
7.4903316647084255,1.0132158319006894,368.881110605228,25.515628156702647,6.6808712074737775,522.0037290866312,0.7066637459672417,0.2618344791060452
6.5024288701310455,1.8575352533441056,319.34039828858215,23.355572220254455,4.865024024742837,400.088287385477,0.7981748238005881,0.20830249753092256
6.7462346851738335,1.1090195367490847,358.48998583078856,26.52410417585096,6.51785661450754,574.387700411218,0.6241254566804563,0.24573333641336562
6.681235110895013,1.2833791154681635,288.58634420562214,22.26848290874442,6.189069373670543,471.5010275738276,0.6120587810605255,0.27792954729036395
6.383234358053094,2.152116227514313,487.2298881057161,26.78437247721641,8.418109832953593,708.7923971529466,0.6874084570641625,0.3142918446237368
6.962607445945689,2.311273346228609,202.4052187677126,26.931505700359523,5.467499249296021,519.888027800211,0.38932463904611275,0.20301498587295966
7.46230186490471,1.360444112551487,414.57029926722385,14.789940417560269,5.702784280239351,296.4964502101334,1.3982302282992225,0.38558534512203774
7.100290576766099,2.807007530610765,422.5930588040728,29.166069962285412,7.99897267879513,555.7364972155674,0.7604198409163526,0.2742561026953095
7.269226528679648,3.030310701494613,256.08808955258047,14.33328602126536,8.221086841717566,714.4597792260229,0.35843597778170483,0.573566091510382
7.5812261238487775,3.435362513582857,487.195520791698,22.843828410553563,6.329515355146922,677.592028854539,0.7190101123463569,0.27707769649603764
7.664690146293692,2.2842156342017557,394.66177122089886,28.588718119902143,6.431122759471981,703.0954288756566,0.5613203485791619,0.22495316972589025
7.1758017228458515,3.3245342374740896,392.83542551171837,23.889496461616456,7.554611856897981,418.0239814618536,0.9397437537864468,0.3162315232987881
7.673755061349289,0.7721529493305591,708.6236608592696,19.868349061356604,4.905610182749221,611.2152395976779,1.1593684433092821,0.2469057780090294
7.232244330451938,1.5600669203775932,303.70803813359925,21.171920283991653,5.324925683945,447.80054602632885,0.6782216788894725,0.25150886705214176
6.906910621660389,1.218516700233845,304.2943379720294,28.594170112122168,6.747339939234359,542.4289399416924,0.5609847033691437,0.23596907736007006
6.9919598767304425,1.8992105549020408,349.2897947239638,18.274734143079765,8.394901509516213,392.7047571260267,0.8894463038344854,0.4593720184266087
6.681812220602245,1.3918510004321123,425.0889706275422,28.95146885336706,6.607842920649935,455.5544235117284,0.9331244494360578,0.228238606963855
6.889153151193222,1.670320686811934,333.59856633960646,24.80714265335199,7.09084311256164,452.3753302636385,0.7374375745582535,0.2858387687629761
7.07469415917395,4.198659723854922,251.64172826470323,20.826616343451484,8.02041034530761,609.8555280142616,0.41262514924488564,0.3851038600338681
7.48125475678251,1.6676455085718793,381.8320296788735,22.95909724694058,8.896196259950331,600.0719121669656,0.6363104520256757,0.38748022904671464
7.802269440908095,2.168407891328648,389.0863059796094,21.439714806144256,6.480836374166518,547.6819729330821,0.7104237955758852,0.30228183689781274
6.716236469618036,1.6213602646177974,369.099464633584,28.03178820300485,6.984846948639917,384.95785819446144,0.9588048581856288,0.2491759319118707
7.3374896138909715,1.8623844786884498,375.9124179893737,27.563497334169934,8.639849699208558,488.836056605028,0.7689948662954401,0.3134525925524662
6.835809621294863,1.804880114642358,299.68039023816436,18.982936031433837,5.6300206523277145,445.3883517057274,0.6728518810392379,0.2965832389154641
7.3661439809621205,2.202366567257461,250.32581246520652,23.58742758518233,7.92482296349844,606.9675756694492,0.412420403493732,0.33597656780838747
7.154119672259296,3.040965476340662,254.88549270194153,21.978850181795032,6.0835160208748675,637.8184852817185,0.3996207362810455,0.27678954861404953
6.559182960953365,3.7776947300778367,197.34025636566065,29.527284889607795,7.092225130392841,625.6385586030883,0.3154221453458328,0.2401922546183367
7.52490394704897,2.0691040795202613,337.7711458659462,20.274653086557528,6.781642857339754,444.47805805829796,0.7599276043940149,0.33448872483229364
6.988249750516944,2.3468705588900796,313.7413412580055,30.61480186639755,6.137789559368894,246.04668777105206,1.2751293020857233,0.20048437961983548
7.013134916569256,1.0723984003974996,287.00092216027184,24.883468411690718,6.115208265107553,343.30381018699455,0.835996903162668,0.2457538540822755
6.825586656048609,1.730208862195255,98.32858817411977,20.933229577669692,7.248772927828379,662.1626978082209,0.14849611507804722,0.34628067785397687
6.971000853159356,2.7481196772904446,226.4511897729373,22.629540355967528,7.895985395346414,479.8745060680176,0.47189668738276347,0.34892380804651213
5.5,2.6577304709334153,404.0630488552375,22.194334057310424,6.883237417130347,444.92753817348876,0.9081547312490307,0.3101348929576524
7.133764480672259,1.9798301231956497,270.1530499952652,20.53883559294573,7.063101842859894,684.2660293436234,0.3948070463974476,0.3438900813484182
7.315031700798868,2.6822713298007823,347.0443758242631,25.331894009056313,7.514056659661943,646.5159945488327,0.5367916319942648,0.29662435256422676
7.326672648875095,2.2448342415048947,215.69859275185578,20.70229557257855,6.125543104288337,522.4448721919787,0.4128638335502597,0.2958871436654586
7.6622315794348586,3.089238069699901,427.9029111769423,17.36871826941634,7.6657232575716305,490.6596908936026,0.8720971359958958,0.44135227128819277
7.080024847197468,2.0503249351333213,309.19792549589926,23.671132352031393,7.737408787353772,506.7898787186875,0.6101106957337856,0.3268710880529451
6.683099764103994,1.53376028513525,341.75302973626515,18.69000331253741,9.34326366887537,542.7162798387466,0.6297084543655256,0.4999070097867682
7.573527845800195,2.0936631403442325,494.4334843911264,22.36743696176368,6.661506228496376,680.0047281319607,0.7271030096355114,0.29782161630248377
7.083979139765961,0.48143656343036684,433.7330075442053,21.818139889888254,6.587726378498685,562.2467424237227,0.7714282268216925,0.3019380392529157
7.590107355602082,2.1384585083499434,297.0075784034707,21.95074374790965,7.692069284416371,592.6029033039141,0.5011915681606971,0.35042408461211616
7.334181989613865,0.3485411053284348,275.50848613472306,32.003370855565535,7.737193752020924,636.9270109070171,0.43255896110040093,0.2417618377432698
7.15410186442883,0.8288037619703594,295.58412413603514,25.197440485093498,6.51842156196096,403.0323998975581,0.7334004020797487,0.2586937973250569
7.322071562916204,2.205782972250686,358.24236863574015,25.858798531483664,6.637153590762956,595.4861892474042,0.6015964351557826,0.2566690630534158
7.8828543960442055,2.231501922627732,312.10818993118465,18.78260596280197,7.487017754396236,490.54312453383886,0.6362502587877056,0.3986144291811215
7.926943185168813,1.0668322183942287,290.3566891247396,22.711129032270772,6.255174183338805,268.3904804227234,1.0818442169313112,0.2754233034584358
7.224283397296473,1.3064855502919004,430.0385938031782,25.75355920479529,6.630519410786486,307.1830458014188,1.3999424762562593,0.2574603128856802
7.256066707660977,3.3351915359202633,311.43425811666225,21.414148804804476,7.080633490631591,418.18823884813145,0.7447226611979448,0.3306521102086944
7.576684055113235,1.4476956793697626,492.46918197779894,28.17821995231295,7.896344816340032,573.1223228592581,0.859274124101313,0.28022865992611706
6.904018638531428,4.93869341578132,326.805692281413,20.790561949346394,6.455861245438413,531.3799565340296,0.6150132090284898,0.31051884317351847
7.3165746304163894,1.7984455904774048,453.8988795668546,23.997718524471885,5.3418539841723955,538.4366707175664,0.8429939940048111,0.2225984098748801
5.5,2.162798412446936,346.798956703297,22.948819260085543,5.275062279233611,715.0943482686691,0.48496951142592537,0.22986203427068813
7.309867874010144,3.726167196998687,392.22204299370856,25.575122307836708,5.86652823996448,393.09103851401875,0.9977893275725765,0.22938417143627357
6.908320917917708,1.9093232639156958,265.65417113617065,22.75828474850601,5.818149053620056,517.2566645816277,0.5135828870393376,0.2556497169235038
6.643651377341861,1.146520694827561,255.9680583059441,24.05187230525172,6.860850317242082,550.4435522813816,0.46502144905695186,0.28525223442767145
6.474455797403048,1.7132793998893354,354.4779466261241,24.173544678777052,5.930007861762156,446.37268834616646,0.7941300081317316,0.24530981867000884
6.808915560453637,1.7713851897819468,394.14149318489865,22.429642849130445,6.367520536160916,522.8326745082941,0.7538578065259119,0.2838886280531111
7.039463650271234,0.97399697744018,323.0192376500347,26.697828539739895,6.303322703516155,360.00506659156554,0.8972630321797883,0.236098703463228
7.097382944672933,1.6042594252374933,223.5204998687227,25.83435931193099,6.603542925236806,660.9906217275028,0.3381598656945398,0.2556108647984592
7.878030906850331,1.2889142826051734,217.98062252830047,24.689851191613915,8.19025389837081,451.8385447469566,0.48243033947087516,0.3317255270113855
7.587097679467554,2.72848812557287,212.9647698360319,23.493395832883145,7.595752830487465,723.1400164778503,0.29450004837694527,0.3233143852220747
6.863268109280431,1.8282550882399324,187.42834152954643,27.78790410681999,7.014516473748404,516.7525676082545,0.3627042288285913,0.25243057003449315
7.321697958357835,1.5849115126436302,328.21140195853155,24.174580146650364,6.585076347477246,622.8053565399183,0.5269887269145461,0.2723967203372372
7.057522617277386,1.7160150923827897,404.3782941281019,23.92655949260922,6.610090609039281,514.6697131008846,0.7857044699438851,0.27626582129708627
7.100472656685967,1.9901133027778855,318.99381598063934,25.366415104608443,7.294971822956755,516.925616773947,0.6170981000543763,0.28758386996637303
7.264863977295384,2.375844741223683,150.46889319966107,30.938053390397975,7.525752166017061,461.5970666777992,0.32597454373489404,0.24325228452649758
7.416709890941388,1.1478793103353633,305.6929654749089,20.308753271925788,6.183144244509459,531.9123929366277,0.574705476943699,0.3044571058459237
7.081259530640595,1.1264512791765429,307.79007525255446,27.694499125693742,7.032832680052809,551.7998694414048,0.5577929468597644,0.25394330650768315
7.572348036457026,2.95912113925014,477.199906266908,18.373900935666633,5.171542388203275,441.574149108482,1.0806789918077242,0.2814613187646232
6.800321620850159,1.49516276288265,210.71465653103328,25.760456053800183,7.190542405753537,507.49555841401155,0.4152049274865449,0.2791310212341054
7.202218671826794,0.9514270374762887,290.69917980506034,30.512789896630558,7.685934317762817,458.99011339428864,0.633345188320733,0.2518922177814869
8.109185804308542,2.197900055130861,447.9389510408423,26.710339835635576,6.747938235807212,749.9664069614839,0.5972786872623844,0.2526339341742278
7.278077909918847,2.21732846619058,353.7483756009911,25.597187774889274,8.634874296526094,511.02692300883814,0.6922304083671009,0.3373368345173006
7.70162507731216,0.9039012142226772,362.24848051373186,23.038426859189236,6.206885397307555,674.5232151696559,0.5370437553029501,0.26941446285564596
7.232032062360623,1.9958168933063802,328.59383277679086,25.10866520170994,7.195696373772935,500.4377669192312,0.6566127788469344,0.2865821944721656
7.403271983365429,2.506278682747129,344.74576539929484,24.117780146088254,6.96775772800064,545.9287641534908,0.6314848896702716,0.28890543349325476
7.180125881962558,2.130295213851668,378.3207147708902,22.249081872240257,6.909732099300933,387.86359283547307,0.975396303646806,0.31056257237841667
7.140357346592529,2.392116006456148,259.28852608304254,23.985435345837956,6.897110048795727,475.2927408132135,0.5455343703322854,0.2875540906115986
6.927181161146104,0.9568253235273307,385.85439341811497,25.69433406219254,7.096394527008525,541.0534670789247,0.7131539060294563,0.2761851896932556
7.3506054756351435,2.0891446725961,217.02477373358457,22.31474026014276,7.76316286911733,678.6003830959867,0.31981233600760706,0.34789393820475795
6.9019619837849815,1.5708357037766565,344.62759796236537,22.178013627603605,8.23996261264727,542.1982777676271,0.635611753289383,0.37153744925070736
7.432954832709701,1.448503701282559,333.40557224647455,20.23914796842739,6.997974779946258,658.3720361192999,0.5064090726144693,0.34576429753183974
9.4,2.6632220563470588,273.7780183855919,26.367537591311137,7.73378446495447,584.072911020292,0.4687394556740198,0.29330704234979355
7.328285992533031,3.502441142650969,318.2986043505765,26.90863141688471,6.368409748359896,682.7401339464686,0.4662075488527429,0.23666791705964751
7.099812943255508,4.035996315056668,273.30948855008353,25.81081155482781,7.68935990745361,514.0957782694944,0.5316314587722831,0.2979123647902247
7.358887952758044,3.2525854627565516,239.62240048536916,28.378096724550332,6.3142076285557085,759.0222710651803,0.31569877409406316,0.22250285809665274
7.091964430558756,1.7132742112799542,293.4788943789767,25.307536729782548,7.981593942479319,471.4603797085877,0.6224889874317279,0.31538407027525434
7.527441493912803,2.1096261216656793,237.2008523471254,26.37203828078015,8.989576789653915,443.3538165802331,0.5350147973840651,0.34087531247842484
6.559007870524707,2.5417605153225713,344.20980980699363,26.06343098973147,6.890124500825747,398.9947150310966,0.8626926544131465,0.2643598420921764
7.082537421158474,1.9008796297927382,233.74358793857274,24.67960993203627,5.026710858273332,753.1024671558071,0.3103742161691979,0.2036786996275912
6.503215801706601,1.9090973704911611,373.39827672432887,23.142123601546235,6.506734360079659,601.9447572617897,0.6203198420115743,0.2811641002403476
6.676728709420479,2.6077181691436206,231.3890699053385,32.74953415527169,8.108687620860373,486.58792666196916,0.47553393174525604,0.24759703702701732
